g31rhVzQ.png,flower
GAsEU2H1.png,flower
GBSztbDR.png,human
gx8Ivlr7.png,couple
Hq2PRwHf.png,human
HRIDu722.png,dog
HyRDlr6n.png,woman
hZFzX6tN.png,man
iB4bryDl.png,building
imyyw77u.png,lake
InXetlKB.png,woman
iR11xmm6.png,woman
IRNeuPY7Fs.png,man
isiXY0j2.png,bridge
IUY4ozVz.png,oven
j1xXEzjl.png,human
j7Xr6qTR.png,human
jb2OPpkq.png,woman
jfvtHMHq.png,medow
jhoN0GAh.png,flower
jNBwbjpf.png,flower
jWHwn57h.png,human
jWmtaMHD.png,man
jYXigTxy.png,street
K6Zzjawc.png,woman
KK8BVNDT.png,buildung
KoUS8MUu.png,lake
kPVkAyrY.png,flower
kqFfRw0s.png,building
KqXeI8YB.png,human
kyQ2yLJO.png,woman
L89OcRuX.png,landscape
lbJ9bk0k.png,tree
lDGCNIdULi.png,man
LfTAP6mC.png,man
LsKt0JiE.png,flower
LWrPSUGL.png,building
MuzYhuKsV6.png,building
myOVtxk2.png,man
NCieZQsu.png,clouds
nI8qfDOzfs.png,cat
Npu9rXIe.png,man
nv0a6iSz.png,plants
nvlANjdbd6.png,fire
nW0D1IyP.png,lake
nwsa6vQR.png,mountain
oMQIIlkmQs.png,flower
oMvb4N1U.png,sky
oSFm1qls.png,building
p1YUESDg.png,forrest
p5atvZRX.png,city
p5UHDR4B.png,woman
p7AcQyu4.png,house
P7DvpTbO.png,mountain
PBftIQuS.png,mountain
Pdk7EOAN.png,woman
PekClLmT.png,lock
phLN04FA.png,building
png94Aoo.png,water
pqpowjWytV.png,night
r8va3t5s.png,street
RR0kaogm.png,stature 
rsfnjiLK.png,human
RTteaWRH.png,nature
rTZ2kCFZ.png,dog
RV2ohLWa.png,artwork
S8ISSF7y.png,woman
S63ETFU7.png,bridge
sfk3xiQF.png,woman
sIRg3bxV.png,bridge
SmVALmIE.png,sea
SNx8RfoB.png,leaf
st8rpLhL.png,man
syEnsfOi.png,fog
SysAwAyC.png,curch
t4bWTXvcYK.png,human
T8m5vOOh.png,hut
Tatbt7GF.png,human
tOdxgRa3.png,woman
trqsuJYz.png,skyline
u7ncOHkN.png,flowers
ujrogeR3.png,man
ukDHdzTk.png,park
UPWvipTI.png,lake
UrQOC1ml.png,smartphone
uul3ykO7.png,mountain
UWcUPcvd.png,wood
uWqIuxIe.png,house
uzq8JHcv.png,woman
uzUpltzR.png,street
v8BUbM0qzh.png,human
VaD7nRZa.png,forrest
vdTpgLvv.png,dog
vi109UTc.png,sunset
vwj2tucD.png,flower
w76UyAAA.png,street
waIStcBU.png,forrest
WCDgx0hR.png,flower
wjEH5Wse.png,lake
Wlm1gZ36.png,forrest
wOo8ErAp.png,leaf
WpMKEZlQ.png,dog
xadCi5HBxc.png,human
xbCT8GYB.png,fog
XC3SwDUL.png,woman
YDA8oX3r.png,leaf
YEstuk8V.png,woman
YN3WBEw4Nm.png,flowers
YSv3ZMAB.png,human
YXlYNduz.png,beach
ZfmtpDL9.png,woman
ZubodrV3.png,cat
ZYf6pW74.png,sunset
0AKZCRZA.png,train
0cbjzEYU.png,skyline
0PYwg4mI.png,flower
1GjI0YIS.png,road
1GM0KHq0.png,railway
1hE4hLmY.png,bridge
1JjDOfGV.png,water
1qi37zp9.png,woman
1U1JtTj5.png,human
1UXZfhm4.png,human
3dvapOjm.png,urban
3HtNl6m1.png,bike
3LMlKF8J.png,giraffe
3qJF9mJq.png,woman
3zjXPhH6.png,human
4GhWdDgL.png,woman
5bUMtSIR.png,tree
5jZ7JEaf.png,church
5RvkxlEn.png,ship
5sMX8TjO.png,chair
7hELOk55.png,forrest
7OKvzizH.png,human
8uJvuh9c.png,forrest
8VsJwN6h.png,tree
9OjeQH6M.png,human
9zHgXPOC.png,human
15OshbSL.png,woman
38aOJGmc.png,building
61a6Lr0z.png,park
76jFmOA9.png,bridge
76YyJwJY.png,cliff
571OQBB3.png,camera
912.png,forrest
1002.png,rock
1122.png,birds
1432.png,chain
1952.png,human
2372.png,couple
2462.png,flower
2482.png,lake
2492.png,flowers
2572.png,stairs
2632.png,woman
2712.png,waterfall
2952.png,sunset
3342.png,bus
3732.png,human
3892.png,way
4112.png,sea
4342.png,building
4532.png,fence
4542.png,building
5022.png,building
5392.png,sky
a1Zj8R9J.png,car
AfQjsi4W.png,pole
aI3134Gxqs.png,flower
aNnbkReO.png,human
Aou9FnAk.png,street
aq7UpMwwxj.png,woman
ArTcMtzr.png,building
AVCp2OuH.png,building
C2sW02Pb.png,moss
C5dRF6Bx.png,building
CA0apLYe.png,human
Cc00ToIMR8.png,woman
CIVzV3mb.png,indoor
Ck4khjdQ.png,woman
CmpRCo4s.png,car
cSCqquLSO7.png,sky
cWgtknxT.png,human
D6ooFFsb.png,car
DApUfYfM.png,church
DFxh5iCv0V.png,woman
dYALjrEi.png,wood
e6F1B4Nu.png,man
eD80tfb0.png,food
emEWx4JF.png,man
EPZR1fy0.png,hand
EVyObaim.png,clouds
eZOixM83.png,bubbles
f1B2hShN.png,lake
f59DwMeQ.png,beach
fDVGdljM.png,sunset
FH6CKJPm.png,flower
fHkWwhPL.png,street
FRFRsMss.png,mountain
